Symbol,Quantity,Filled Qty,Type,Side,Stop Price,Filled Avg Price,Status,Submitted At,Filled At
WM,108,108.0,market,buy,,161.07,filled,2023-08-07 19:28:10.990660825+00:00,2023-08-07 19:28:11.307907460+00:00
VRTX,51,51.0,market,sell,,345.43,filled,2023-08-07 19:28:10.902552031+00:00,2023-08-07 19:28:12.674676603+00:00
VMW,110,110.0,market,buy,,159.72,filled,2023-08-07 19:28:10.808600899+00:00,2023-08-07 19:28:11.836192659+00:00
UNH,34,34.0,market,sell,,510.95,filled,2023-08-07 19:28:10.714935266+00:00,2023-08-07 19:28:11.214233567+00:00
SCHW,268,268.0,market,sell,,65.8,filled,2023-08-07 19:28:10.630602333+00:00,2023-08-07 19:28:12.697083381+00:00
SBUX,173,173.0,market,sell,,101.12,filled,2023-08-07 19:28:10.531515290+00:00,2023-08-07 19:28:11.734230636+00:00
RTX,206,206.0,market,sell,,85.47,filled,2023-08-07 19:28:10.460961916+00:00,2023-08-07 19:28:11.258360634+00:00
REGN,22,22.0,market,sell,,779.53,filled,2023-08-07 19:28:10.342302835+00:00,2023-08-07 19:28:10.637920732+00:00
QCOM,143,143.0,market,buy,,118.67,filled,2023-08-07 19:28:10.251976892+00:00,2023-08-07 19:28:12.104624158+00:00
PM,181,181.0,market,sell,,97.213867,filled,2023-08-07 19:28:10.150530220+00:00,2023-08-07 19:28:11.719807638+00:00
PG,112,112.0,market,buy,,156.71,filled,2023-08-07 19:28:09.956430325+00:00,2023-08-07 19:28:10.877724073+00:00
PEP,94,94.0,market,sell,,186.85,filled,2023-08-07 19:28:09.868611902+00:00,2023-08-07 19:28:10.812081188+00:00
MSFT,53,53.0,market,buy,,329.59434,filled,2023-08-07 19:28:09.765249500+00:00,2023-08-07 19:28:14.316503505+00:00
MMM,165,165.0,market,buy,,105.08,filled,2023-08-07 19:28:09.668385678+00:00,2023-08-07 19:28:12.709970751+00:00
MAR,85,85.0,market,sell,,204.87,filled,2023-08-07 19:28:09.581090364+00:00,2023-08-07 19:28:09.831119865+00:00
LRCX,25,25.0,market,sell,,702.27,filled,2023-08-07 19:28:09.498804371+00:00,2023-08-07 19:28:12.755332887+00:00
LIN,46,46.0,market,sell,,385.57,filled,2023-08-07 19:28:09.402545738+00:00,2023-08-07 19:28:11.846840758+00:00
JPM,111,111.0,market,buy,,156.75,filled,2023-08-07 19:28:09.297052347+00:00,2023-08-07 19:28:11.445835129+00:00
ICE,152,152.0,market,sell,,115.71,filled,2023-08-07 19:28:09.193666365+00:00,2023-08-07 19:28:09.789468738+00:00
IBM,120,120.0,market,sell,,146.16,filled,2023-08-07 19:28:09.101380362+00:00,2023-08-07 19:28:12.075399530+00:00
HON,92,92.0,market,buy,,189.51,filled,2023-08-07 19:28:09.002288410+00:00,2023-08-07 19:28:11.344728477+00:00
DUK,194,194.0,market,sell,,89.66,filled,2023-08-07 19:28:08.922461756+00:00,2023-08-07 19:28:10.731086185+00:00
CSCO,330,330.0,market,buy,,52.95,filled,2023-08-07 19:28:08.826441653+00:00,2023-08-07 19:28:09.293529467+00:00
CRM,81,81.0,market,buy,,215.52321,filled,2023-08-07 19:28:08.716369032+00:00,2023-08-07 19:28:09.868971082+00:00
COST,31,31.0,market,buy,,558.06,filled,2023-08-07 19:28:08.617947390+00:00,2023-08-07 19:28:10.078223666+00:00
CL,228,228.0,market,buy,,76.71,filled,2023-08-07 19:28:08.534543296+00:00,2023-08-07 19:28:09.367650721+00:00
CB,86,86.0,market,sell,,203.28,filled,2023-08-07 19:28:08.434221564+00:00,2023-08-07 19:28:10.545940259+00:00
C,381,381.0,market,buy,,45.67,filled,2023-08-07 19:28:08.318629523+00:00,2023-08-07 19:28:09.924969408+00:00
BMY,287,287.0,market,buy,,60.32,filled,2023-08-07 19:28:08.214604791+00:00,2023-08-07 19:28:09.410671688+00:00
BLK,24,24.0,market,sell,,712.14,filled,2023-08-07 19:28:08.115693699+00:00,2023-08-07 19:28:10.070784196+00:00
BAC,556,556.0,market,sell,,31.75,filled,2023-08-07 19:28:08.020551616+00:00,2023-08-07 19:28:09.506723050+00:00
AMAT,119,119.0,market,sell,,150.033277,filled,2023-08-07 19:28:07.935958473+00:00,2023-08-07 19:28:10.218820015+00:00
ACN,55,55.0,market,buy,,314.965455,filled,2023-08-07 19:28:07.830768231+00:00,2023-08-07 19:28:12.450394431+00:00
AAPL,95,95.0,market,buy,,178.44,filled,2023-08-07 19:28:07.724355719+00:00,2023-08-07 19:28:08.644779008+00:00
ORLY,18,18.0,trailing_stop,buy,936.75985,937.0,filled,2023-08-07 17:43:10.567955+00:00,2023-08-07 17:43:12.273953+00:00
PFE,497,497.0,trailing_stop,buy,35.249,35.25,filled,2023-08-07 17:10:54.307848+00:00,2023-08-07 17:10:56.198013+00:00
ELV,37,37.0,trailing_stop,buy,469.98835,470.3,filled,2023-08-07 15:30:09.454824+00:00,2023-08-07 15:30:14.120899+00:00
TGT,131,131.0,trailing_stop,sell,132.361317,132.36,filled,2023-08-07 15:16:31.211282+00:00,2023-08-07 15:16:32.014533+00:00
NEE,251,251.0,trailing_stop,sell,69.02775,69.02,filled,2023-08-07 14:58:57.191270+00:00,2023-08-07 14:58:58.001732+00:00
MNST,316,316.0,trailing_stop,sell,55.7469,55.75,filled,2023-08-07 14:52:15.160196+00:00,2023-08-07 14:52:16.567368+00:00
CME,84,84.0,trailing_stop,buy,207.590653,207.64,filled,2023-08-07 14:32:28.256102+00:00,2023-08-07 14:32:28.900570+00:00
UNP,76,76.0,trailing_stop,buy,231.82025,231.9,filled,2023-08-07 14:28:25.634328+00:00,2023-08-07 14:28:26.044840+00:00
NFLX,40,40.0,trailing_stop,buy,433.194757,433.32,filled,2023-08-07 14:26:40.115893+00:00,2023-08-07 14:26:40.830456+00:00
KLAC,35,35.0,trailing_stop,buy,503.9799,504.24,filled,2023-08-07 14:26:39.721977+00:00,2023-08-07 14:26:41.347749+00:00
UBER,385,385.0,trailing_stop,buy,44.8238,44.850338,filled,2023-08-07 14:10:21.238596+00:00,2023-08-07 14:10:25.550925+00:00
TMO,31,31.0,trailing_stop,buy,552.3791,552.58,filled,2023-08-07 14:08:05.453857+00:00,2023-08-07 14:08:07.744308+00:00
INTC,495,495.0,trailing_stop,sell,35.1945,35.19,filled,2023-08-07 14:01:39.355261+00:00,2023-08-07 14:01:40.433033+00:00
H,155,155.0,trailing_stop,buy,113.6553,113.7,filled,2023-08-07 13:57:42.150257+00:00,2023-08-07 13:57:42.941930+00:00
META,56,56.0,trailing_stop,buy,315.928,315.97,filled,2023-08-07 13:55:38.430290+00:00,2023-08-07 13:55:39.346038+00:00
CHTR,41,41.0,trailing_stop,sell,417.9978,417.6,filled,2023-08-07 13:44:59.022352+00:00,2023-08-07 13:45:00.448337+00:00
FCX,409,409.0,trailing_stop,sell,42.2532,42.25,filled,2023-08-07 13:44:36.315056+00:00,2023-08-07 13:44:36.470332+00:00
HUM,35,35.0,trailing_stop,buy,493.27895,493.71,filled,2023-08-07 13:43:22.879139+00:00,2023-08-07 13:43:24.577607+00:00
PANW,79,79.0,trailing_stop,sell,215.325,215.27,filled,2023-08-07 13:41:51.009537+00:00,2023-08-07 13:41:51.544486+00:00
TSLA,68,68.0,trailing_stop,buy,252.146601,252.38,filled,2023-08-07 13:36:51.665264+00:00,2023-08-07 13:36:52.325514+00:00
M,1068,1068.0,trailing_stop,sell,16.18155,16.18,filled,2023-08-07 13:35:25.999228+00:00,2023-08-07 13:35:27.039518+00:00
M,1068,1068.0,trailing_stop,sell,16.18155,16.18,filled,2023-08-07 13:35:25.991653+00:00,2023-08-07 13:35:26.590842+00:00
MC,362,362.0,trailing_stop,buy,48.563123,48.870691,filled,2023-08-07 13:35:21.059377+00:00,2023-08-07 13:35:22.343582+00:00
UNP,76,76.0,market,sell,,229.55,filled,2023-08-07 13:33:30.336451+00:00,2023-08-07 13:33:31.104347+00:00
PFE,497,497.0,market,sell,,35.02,filled,2023-08-07 13:33:23.365143+00:00,2023-08-07 13:33:28.874625+00:00
ELV,37,37.0,market,sell,,466.34,filled,2023-08-07 13:33:21.286779+00:00,2023-08-07 13:33:21.500861+00:00
VMW,110,110.0,market,sell,,158.35,filled,2023-08-07 13:33:16.888280+00:00,2023-08-07 13:33:19.555975+00:00
NFLX,40,40.0,market,sell,,436.29,filled,2023-08-07 13:33:14.881811+00:00,2023-08-07 13:33:16.216126+00:00
C,381,381.0,market,sell,,46.180735,filled,2023-08-07 13:33:11.494188+00:00,2023-08-07 13:33:12.949925+00:00
KLAC,35,35.0,market,sell,,498.69,filled,2023-08-07 13:33:08.408816+00:00,2023-08-07 13:33:10.459019+00:00
MSFT,53,53.0,market,sell,,329.540377,filled,2023-08-07 13:33:03.591930+00:00,2023-08-07 13:33:06.687548+00:00
HUM,35,35.0,market,sell,,487.854857,filled,2023-08-07 13:32:59.695853+00:00,2023-08-07 13:33:02.192890+00:00
PG,112,112.0,market,sell,,156.38,filled,2023-08-07 13:32:57.745157+00:00,2023-08-07 13:32:58.769040+00:00
JPM,111,111.0,market,sell,,157.33,filled,2023-08-07 13:32:54.484832+00:00,2023-08-07 13:32:56.469419+00:00
QCOM,143,143.0,market,sell,,121.621888,filled,2023-08-07 13:32:49.965616+00:00,2023-08-07 13:32:52.886282+00:00
TSLA,68,68.0,market,sell,,250.78,filled,2023-08-07 13:32:47.912979+00:00,2023-08-07 13:32:48.658656+00:00
CME,84,84.0,market,sell,,206.07,filled,2023-08-07 13:32:47.081123+00:00,2023-08-07 13:32:47.266797+00:00
MC,362,362.0,market,sell,,48.03,filled,2023-08-07 13:32:45.163078+00:00,2023-08-07 13:32:46.209852+00:00
WM,108,108.0,market,sell,,160.56,filled,2023-08-07 13:32:43.120385+00:00,2023-08-07 13:32:44.509456+00:00
CSCO,330,330.0,market,sell,,52.99,filled,2023-08-07 13:32:39.827420+00:00,2023-08-07 13:32:42.234491+00:00
ACN,55,55.0,market,sell,,314.38,filled,2023-08-07 13:32:37.791800+00:00,2023-08-07 13:32:38.991893+00:00
COST,31,31.0,market,sell,,554.9,filled,2023-08-07 13:32:35.756529+00:00,2023-08-07 13:32:37.093395+00:00
TMO,31,31.0,market,sell,,550.89,filled,2023-08-07 13:32:32.460301+00:00,2023-08-07 13:32:34.125628+00:00
ORLY,18,18.0,market,sell,,927.36,filled,2023-08-07 13:32:30.634655+00:00,2023-08-07 13:32:32.004143+00:00
AAPL,95,95.0,market,sell,,180.73,filled,2023-08-07 13:32:28.568408+00:00,2023-08-07 13:32:29.403169+00:00
CRM,81,81.0,market,sell,,215.11,filled,2023-08-07 13:32:26.722933+00:00,2023-08-07 13:32:27.844053+00:00
META,56,56.0,market,sell,,313.38,filled,2023-08-07 13:32:24.743780+00:00,2023-08-07 13:32:25.975247+00:00
BMY,287,287.0,market,sell,,60.64,filled,2023-08-07 13:32:22.657510+00:00,2023-08-07 13:32:23.612068+00:00
H,155,155.0,market,sell,,112.25,filled,2023-08-07 13:32:19.343218+00:00,2023-08-07 13:32:21.087903+00:00
HON,92,92.0,market,sell,,190.382283,filled,2023-08-07 13:32:17.315352+00:00,2023-08-07 13:32:18.640128+00:00
CL,228,228.0,market,sell,,76.65,filled,2023-08-07 13:32:16.009149+00:00,2023-08-07 13:32:16.647845+00:00
MMM,165,165.0,market,sell,,106.11,filled,2023-08-07 13:32:14.021721+00:00,2023-08-07 13:32:14.773124+00:00
UBER,385,385.0,market,sell,,44.738182,filled,2023-08-07 13:32:08.407415+00:00,2023-08-07 13:32:12.849249+00:00
BLK,24,24.0,market,buy,,716.78,filled,2023-08-07 13:32:02.805835+00:00,2023-08-07 13:32:06.969422+00:00
NEE,251,251.0,market,buy,,69.46,filled,2023-08-07 13:31:58.241771+00:00,2023-08-07 13:32:00.968064+00:00
CB,86,86.0,market,buy,,202.35,filled,2023-08-07 13:31:56.339016+00:00,2023-08-07 13:31:57.478015+00:00
PM,181,181.0,market,buy,,96.6,filled,2023-08-07 13:31:54.457762+00:00,2023-08-07 13:31:55.125526+00:00
IBM,120,120.0,market,buy,,145.454667,filled,2023-08-07 13:31:48.846788+00:00,2023-08-07 13:31:53.724972+00:00
PEP,94,94.0,market,buy,,185.931595,filled,2023-08-07 13:31:44.037137+00:00,2023-08-07 13:31:47.208869+00:00
CHTR,41,41.0,market,buy,,421.48,filled,2023-08-07 13:31:40.847666+00:00,2023-08-07 13:31:42.460098+00:00
PANW,79,79.0,market,buy,,217.61,filled,2023-08-07 13:31:40.022475+00:00,2023-08-07 13:31:40.200034+00:00
ICE,152,152.0,market,buy,,115.16,filled,2023-08-07 13:31:36.848962+00:00,2023-08-07 13:31:39.368019+00:00
SBUX,173,173.0,market,buy,,101.45,filled,2023-08-07 13:31:33.687486+00:00,2023-08-07 13:31:36.098610+00:00
BAC,556,556.0,market,buy,,31.49,filled,2023-08-07 13:31:31.825682+00:00,2023-08-07 13:31:32.262266+00:00
AMAT,119,119.0,market,buy,,147.73,filled,2023-08-07 13:31:29.888692+00:00,2023-08-07 13:31:30.494513+00:00
MNST,316,316.0,market,buy,,56.0,filled,2023-08-07 13:31:28.048276+00:00,2023-08-07 13:31:28.984274+00:00
REGN,22,22.0,market,buy,,771.0,filled,2023-08-07 13:31:24.898472+00:00,2023-08-07 13:31:27.046972+00:00
LRCX,25,25.0,market,buy,,700.0,filled,2023-08-07 13:31:19.378852+00:00,2023-08-07 13:31:23.536942+00:00
DUK,194,194.0,market,buy,,89.81,filled,2023-08-07 13:31:16.195966+00:00,2023-08-07 13:31:17.892934+00:00
MAR,85,85.0,market,buy,,204.24,filled,2023-08-07 13:31:14.135243+00:00,2023-08-07 13:31:14.742866+00:00
M,1068,1068.0,market,buy,,16.23,filled,2023-08-07 13:31:12.087627+00:00,2023-08-07 13:31:12.777532+00:00
M,1068,1068.0,market,buy,,16.23,filled,2023-08-07 13:31:10.045899+00:00,2023-08-07 13:31:11.357899+00:00
RTX,206,206.0,market,buy,,84.976359,filled,2023-08-07 13:31:05.623094+00:00,2023-08-07 13:31:09.196435+00:00
FCX,409,409.0,market,buy,,42.7,filled,2023-08-07 13:31:03.145262+00:00,2023-08-07 13:31:03.891987+00:00
INTC,495,495.0,market,buy,,35.44,filled,2023-08-07 13:30:59.303583+00:00,2023-08-07 13:31:00.794742+00:00
UNH,34,34.0,market,buy,,506.25,filled,2023-08-07 13:30:57.225597+00:00,2023-08-07 13:30:58.190789+00:00
TGT,131,131.0,market,buy,,132.93,filled,2023-08-07 13:30:54.068987+00:00,2023-08-07 13:30:56.376223+00:00
SCHW,268,268.0,market,buy,,65.419925,filled,2023-08-07 13:30:39.073909+00:00,2023-08-07 13:30:53.443926+00:00
VRTX,51,51.0,market,buy,,343.35,filled,2023-08-07 13:30:31.489307+00:00,2023-08-07 13:30:37.602592+00:00
LIN,46,46.0,market,buy,,381.44,filled,2023-08-07 13:30:05.450223+00:00,2023-08-07 13:30:30.124552+00:00
VRTX,75,75.0,market,buy,,340.46,filled,2023-08-04 19:58:16.201884+00:00,2023-08-04 19:58:17.087269+00:00
TMO,47,47.0,market,buy,,548.77,filled,2023-08-04 19:58:16.123945+00:00,2023-08-04 19:58:16.517560+00:00
TJX,303,303.0,market,sell,,85.42,filled,2023-08-04 19:58:16.021541+00:00,2023-08-04 19:58:16.948762+00:00
T,1854,1854.0,market,sell,,14.01,filled,2023-08-04 19:58:15.930870+00:00,2023-08-04 19:58:16.932563+00:00
SPY,125,125.0,market,buy,,446.72728,filled,2023-08-04 19:58:15.846264+00:00,2023-08-04 19:58:17.607732+00:00
PG,166,166.0,market,buy,,155.35,filled,2023-08-04 19:58:15.747818+00:00,2023-08-04 19:58:15.929228+00:00
PFE,373,373.0,market,buy,,34.99,filled,2023-08-04 19:58:15.656407+00:00,2023-08-04 19:58:16.990037+00:00
ORCL,228,228.0,market,buy,,114.410044,filled,2023-08-04 19:58:15.563672+00:00,2023-08-04 19:58:17.576762+00:00
LMT,58,58.0,market,sell,,445.62431,filled,2023-08-04 19:58:15.482236+00:00,2023-08-04 19:58:17.969457+00:00
KO,423,423.0,market,buy,,60.68,filled,2023-08-04 19:58:15.375699+00:00,2023-08-04 19:58:16.624615+00:00
JPM,167,167.0,market,sell,,156.03,filled,2023-08-04 19:58:15.282809+00:00,2023-08-04 19:58:15.526538+00:00
JNJ,153,153.0,market,buy,,168.745752,filled,2023-08-04 19:58:15.184914+00:00,2023-08-04 19:58:16.470907+00:00
ISRG,83,83.0,market,buy,,309.19,filled,2023-08-04 19:58:15.076387+00:00,2023-08-04 19:58:16.029969+00:00
IBM,180,180.0,market,buy,,144.311056,filled,2023-08-04 19:58:15.008138+00:00,2023-08-04 19:58:16.054952+00:00
GE,232,232.0,market,sell,,112.967889,filled,2023-08-04 19:58:14.889982+00:00,2023-08-04 19:58:17.136265+00:00
DHR,50,50.0,market,buy,,254.47,filled,2023-08-04 19:58:14.798789+00:00,2023-08-04 19:58:15.130512+00:00
COST,46,46.0,market,sell,,551.63,filled,2023-08-04 19:58:14.714828+00:00,2023-08-04 19:58:16.188667+00:00
ADP,105,105.0,market,buy,,245.623238,filled,2023-08-04 19:58:14.618914+00:00,2023-08-04 19:58:16.107554+00:00
ABT,243,243.0,market,buy,,107.673498,filled,2023-08-04 19:58:14.527864+00:00,2023-08-04 19:58:17.521947+00:00
AAPL,136,136.0,market,buy,,182.29,filled,2023-08-04 19:58:14.428824+00:00,2023-08-04 19:58:15.682756+00:00
BA,112,112.0,trailing_stop,sell,231.38635,231.32,filled,2023-08-04 19:48:07.999125+00:00,2023-08-04 19:48:08.316975+00:00
ELV,55,55.0,trailing_stop,sell,462.95,462.76,filled,2023-08-04 19:36:49.381821+00:00,2023-08-04 19:36:50.619196+00:00
SCHW,396,396.0,trailing_stop,sell,64.72435,64.71,filled,2023-08-04 19:10:15.020339+00:00,2023-08-04 19:10:16.402325+00:00
BAC,832,832.0,trailing_stop,sell,31.19495,31.19,filled,2023-08-04 19:08:20.574639+00:00,2023-08-04 19:08:21.991189+00:00
MS,293,293.0,trailing_stop,sell,88.69925,88.68,filled,2023-08-04 18:55:09.509725+00:00,2023-08-04 18:55:10.049376+00:00
AXP,157,157.0,trailing_stop,sell,165.5785,165.54,filled,2023-08-04 18:44:17.229650+00:00,2023-08-04 18:44:17.707418+00:00
GS,73,73.0,trailing_stop,sell,353.34905,353.243561,filled,2023-08-04 18:44:09.171322+00:00,2023-08-04 18:44:11.498966+00:00
CI,90,90.0,trailing_stop,sell,286.0834,286.0,filled,2023-08-04 18:41:39.769950+00:00,2023-08-04 18:41:40.194771+00:00
INTC,749,749.0,trailing_stop,sell,35.0266,35.02,filled,2023-08-04 18:39:13.842594+00:00,2023-08-04 18:39:14.704917+00:00
C,565,565.0,trailing_stop,sell,45.98965,45.979292,filled,2023-08-04 18:22:03.927052+00:00,2023-08-04 18:22:05.287790+00:00
WFC,578,578.0,trailing_stop,sell,45.0145,45.01,filled,2023-08-04 18:21:16.103943+00:00,2023-08-04 18:21:17.038949+00:00
CVS,351,351.0,trailing_stop,sell,73.3628,73.36,filled,2023-08-04 17:27:42.540675+00:00,2023-08-04 17:27:43.361140+00:00
TSLA,100,100.0,trailing_stop,buy,260.3475,260.3281,filled,2023-08-04 15:54:24.856913+00:00,2023-08-04 15:54:26.492601+00:00
AVGO,29,29.0,trailing_stop,buy,886.4720725,886.57,filled,2023-08-04 15:42:18.371027+00:00,2023-08-04 15:42:20.354094+00:00
NFLX,60,60.0,trailing_stop,buy,432.66405,432.78,filled,2023-08-04 15:34:09.337674+00:00,2023-08-04 15:34:09.732400+00:00
INTU,52,52.0,trailing_stop,buy,503.99825,504.16,filled,2023-08-04 15:03:06.679084+00:00,2023-08-04 15:03:06.959962+00:00
QCOM,220,220.0,trailing_stop,buy,119.8918,119.9,filled,2023-08-04 14:18:11.162885+00:00,2023-08-04 14:18:11.663194+00:00
ABNB,185,185.0,trailing_stop,buy,139.6843,139.73,filled,2023-08-04 14:06:03.480051+00:00,2023-08-04 14:06:04.874466+00:00
NOW,46,46.0,trailing_stop,sell,552.9199,552.31,filled,2023-08-04 14:02:12.518690+00:00,2023-08-04 14:02:12.939440+00:00
SPY,125,125.0,market,sell,,451.59,filled,2023-08-04 13:49:34.829105+00:00,2023-08-04 13:49:36.031967+00:00
PFE,373,0.0,trailing_stop,buy,35.41335,,canceled,2023-08-04 13:49:34.712765+00:00,
PFE,373,373.0,market,sell,,35.21,filled,2023-08-04 13:49:33.544782+00:00,2023-08-04 13:49:34.503094+00:00
DHR,50,0.0,trailing_stop,buy,257.31265,,canceled,2023-08-04 13:49:33.413166+00:00,
DHR,50,50.0,market,sell,,257.53,filled,2023-08-04 13:49:32.156635+00:00,2023-08-04 13:49:32.364428+00:00
TSLA,100,100.0,market,sell,,261.56,filled,2023-08-04 13:49:30.826558+00:00,2023-08-04 13:49:31.470790+00:00
NFLX,60,60.0,market,sell,,428.688334,filled,2023-08-04 13:49:28.429015+00:00,2023-08-04 13:49:29.964465+00:00
INTU,52,52.0,market,sell,,505.005769,filled,2023-08-04 13:49:26.071869+00:00,2023-08-04 13:49:27.896737+00:00
PG,166,0.0,trailing_stop,buy,157.492475,,canceled,2023-08-04 13:49:25.969653+00:00,
PG,166,166.0,market,sell,,157.28,filled,2023-08-04 13:49:24.725062+00:00,2023-08-04 13:49:24.988255+00:00
ISRG,83,0.0,trailing_stop,buy,312.8839,,canceled,2023-08-04 13:49:24.607236+00:00,
ISRG,83,83.0,market,sell,,312.0,filled,2023-08-04 13:49:23.361085+00:00,2023-08-04 13:49:23.823842+00:00
VRTX,75,0.0,trailing_stop,buy,345.303,,canceled,2023-08-04 13:49:23.249782+00:00,
VRTX,75,75.0,market,sell,,346.36,filled,2023-08-04 13:49:22.051035+00:00,2023-08-04 13:49:22.309261+00:00
TMO,47,0.0,trailing_stop,buy,555.205,,canceled,2023-08-04 13:49:21.843461+00:00,
TMO,47,47.0,market,sell,,549.06,filled,2023-08-04 13:49:20.584567+00:00,2023-08-04 13:49:21.538701+00:00
JNJ,153,0.0,trailing_stop,buy,170.40835,,canceled,2023-08-04 13:49:20.483179+00:00,
JNJ,153,153.0,market,sell,,172.03,filled,2023-08-04 13:49:15.975521+00:00,2023-08-04 13:49:19.681585+00:00
ABNB,185,185.0,market,sell,,140.99,filled,2023-08-04 13:49:14.666592+00:00,2023-08-04 13:49:15.071166+00:00
IBM,180,0.0,trailing_stop,buy,146.16,,canceled,2023-08-04 13:49:14.562799+00:00,
IBM,180,180.0,market,sell,,145.52,filled,2023-08-04 13:49:13.371200+00:00,2023-08-04 13:49:14.177661+00:00
KO,423,0.0,trailing_stop,buy,61.5293,,canceled,2023-08-04 13:49:13.264524+00:00,
KO,423,423.0,market,sell,,61.77,filled,2023-08-04 13:49:12.068091+00:00,2023-08-04 13:49:12.865664+00:00
AAPL,136,0.0,trailing_stop,buy,184.80105,,canceled,2023-08-04 13:49:11.963985+00:00,
AAPL,136,136.0,market,sell,,186.13,filled,2023-08-04 13:49:10.766398+00:00,2023-08-04 13:49:10.994322+00:00
ABT,243,0.0,trailing_stop,buy,109.12265,,canceled,2023-08-04 13:49:10.658888+00:00,
ABT,243,243.0,market,sell,,107.93,filled,2023-08-04 13:49:08.452455+00:00,2023-08-04 13:49:10.062047+00:00
ORCL,228,0.0,trailing_stop,buy,115.968825,,canceled,2023-08-04 13:49:08.343087+00:00,
ORCL,228,228.0,market,sell,,115.56,filled,2023-08-04 13:49:07.146540+00:00,2023-08-04 13:49:07.378786+00:00
QCOM,220,220.0,market,sell,,118.574045,filled,2023-08-04 13:49:05.752016+00:00,2023-08-04 13:49:06.819721+00:00
ADP,105,0.0,trailing_stop,buy,249.05055,,canceled,2023-08-04 13:49:05.649185+00:00,
ADP,105,105.0,market,sell,,247.98,filled,2023-08-04 13:49:04.436044+00:00,2023-08-04 13:49:05.093346+00:00
AVGO,29,29.0,market,sell,,883.35,filled,2023-08-04 13:49:02.222813+00:00,2023-08-04 13:49:03.878428+00:00
SCHW,396,396.0,market,buy,,65.65,filled,2023-08-04 13:49:00.800143+00:00,2023-08-04 13:49:01.865697+00:00
COST,46,0.0,trailing_stop,sell,550.66425,,canceled,2023-08-04 13:49:00.695072+00:00,
COST,46,46.0,market,buy,,557.74,filled,2023-08-04 13:48:59.527478+00:00,2023-08-04 13:49:00.069195+00:00
NOW,46,46.0,market,buy,,561.65,filled,2023-08-04 13:48:58.225299+00:00,2023-08-04 13:48:58.994369+00:00
TJX,303,0.0,trailing_stop,sell,85.104,,canceled,2023-08-04 13:48:58.119969+00:00,
TJX,303,303.0,market,buy,,86.4,filled,2023-08-04 13:48:56.906486+00:00,2023-08-04 13:48:57.594945+00:00
BAC,832,832.0,market,buy,,31.57,filled,2023-08-04 13:48:52.494073+00:00,2023-08-04 13:48:55.753355+00:00
BA,112,112.0,market,buy,,231.59,filled,2023-08-04 13:48:52.221891+00:00,2023-08-04 13:48:52.254217+00:00
INTC,749,749.0,market,buy,,34.9,filled,2023-08-04 13:48:49.802372+00:00,2023-08-04 13:48:51.006222+00:00
AXP,157,157.0,market,buy,,166.61,filled,2023-08-04 13:48:47.420599+00:00,2023-08-04 13:48:48.570834+00:00
LMT,58,0.0,trailing_stop,sell,443.2303,,canceled,2023-08-04 13:48:47.317490+00:00,
LMT,58,58.0,market,buy,,448.65,filled,2023-08-04 13:48:46.070679+00:00,2023-08-04 13:48:47.138715+00:00
T,1854,0.0,trailing_stop,sell,13.87865,,canceled,2023-08-04 13:48:45.965300+00:00,
T,1854,1854.0,market,buy,,14.08,filled,2023-08-04 13:48:41.526498+00:00,2023-08-04 13:48:44.866247+00:00
C,565,565.0,market,buy,,46.273487,filled,2023-08-04 13:48:38.097853+00:00,2023-08-04 13:48:40.476103+00:00
CVS,351,351.0,market,buy,,74.308319,filled,2023-08-04 13:48:35.645863+00:00,2023-08-04 13:48:37.140985+00:00
ELV,55,55.0,market,buy,,469.95,filled,2023-08-04 13:48:33.324640+00:00,2023-08-04 13:48:34.722819+00:00
GE,232,0.0,trailing_stop,sell,112.16195,,canceled,2023-08-04 13:48:33.207559+00:00,
GE,232,232.0,market,buy,,112.04,filled,2023-08-04 13:48:32.019864+00:00,2023-08-04 13:48:32.708094+00:00
JPM,167,0.0,trailing_stop,sell,155.433,,canceled,2023-08-04 13:48:31.912134+00:00,
JPM,167,167.0,market,buy,,157.162455,filled,2023-08-04 13:48:30.693806+00:00,2023-08-04 13:48:31.769205+00:00
MS,293,293.0,market,buy,,89.79,filled,2023-08-04 13:48:29.342148+00:00,2023-08-04 13:48:29.508567+00:00
CI,90,90.0,market,buy,,288.12,filled,2023-08-04 13:48:27.976586+00:00,2023-08-04 13:48:28.762986+00:00
GS,73,73.0,market,buy,,357.596712,filled,2023-08-04 13:48:25.602943+00:00,2023-08-04 13:48:26.925947+00:00
WFC,578,578.0,market,buy,,45.329827,filled,2023-08-04 13:48:21.705439+00:00,2023-08-04 13:48:25.124624+00:00
WFC,579,579.0,market,sell,,45.14,filled,2023-08-03 19:55:07.078270+00:00,2023-08-03 19:55:07.805868+00:00
VRTX,72,72.0,market,buy,,347.59,filled,2023-08-03 19:55:06.990479+00:00,2023-08-03 19:55:09.433564+00:00
TMO,47,47.0,market,buy,,548.49,filled,2023-08-03 19:55:06.899650+00:00,2023-08-03 19:55:07.523847+00:00
TJX,305,305.0,market,sell,,86.08,filled,2023-08-03 19:55:06.832721+00:00,2023-08-03 19:55:08.388422+00:00
SPY,132,132.0,market,buy,,449.32,filled,2023-08-03 19:55:06.720359+00:00,2023-08-03 19:55:09.213170+00:00
SCHW,400,400.0,market,sell,,65.96,filled,2023-08-03 19:55:06.630563+00:00,2023-08-03 19:55:07.256362+00:00
PG,167,167.0,market,buy,,156.98,filled,2023-08-03 19:55:06.545937+00:00,2023-08-03 19:55:08.955226+00:00
PFE,369,369.0,market,buy,,34.99,filled,2023-08-03 19:55:06.453766+00:00,2023-08-03 19:55:06.537633+00:00
ORCL,226,226.0,market,buy,,114.6,filled,2023-08-03 19:55:06.372769+00:00,2023-08-03 19:55:06.571787+00:00
NOW,46,46.0,market,sell,,560.27,filled,2023-08-03 19:55:06.293580+00:00,2023-08-03 19:55:07.574628+00:00
MSFT,79,79.0,market,buy,,327.401139,filled,2023-08-03 19:55:06.189242+00:00,2023-08-03 19:55:11.115955+00:00
MS,292,292.0,market,sell,,89.21,filled,2023-08-03 19:55:06.097287+00:00,2023-08-03 19:55:08.815962+00:00
META,41,41.0,market,buy,,313.444878,filled,2023-08-03 19:55:05.991300+00:00,2023-08-03 19:55:08.910394+00:00
LMT,58,58.0,market,sell,,448.55,filled,2023-08-03 19:55:05.899594+00:00,2023-08-03 19:55:07.044218+00:00
KO,422,422.0,market,buy,,61.61,filled,2023-08-03 19:55:05.801846+00:00,2023-08-03 19:55:06.385232+00:00
JPM,168,168.0,market,sell,,156.41,filled,2023-08-03 19:55:05.754405+00:00,2023-08-03 19:55:06.299352+00:00
JNJ,153,153.0,market,buy,,170.749542,filled,2023-08-03 19:55:05.627563+00:00,2023-08-03 19:55:07.025311+00:00
IBM,181,181.0,market,buy,,144.73,filled,2023-08-03 19:55:05.545405+00:00,2023-08-03 19:55:06.016898+00:00
HD,79,79.0,market,sell,,329.746456,filled,2023-08-03 19:55:05.454551+00:00,2023-08-03 19:55:07.664425+00:00
GS,74,74.0,market,sell,,353.516892,filled,2023-08-03 19:55:05.384400+00:00,2023-08-03 19:55:10.211061+00:00
GE,233,233.0,market,sell,,112.48,filled,2023-08-03 19:55:05.276513+00:00,2023-08-03 19:55:09.028724+00:00
ELV,55,55.0,market,sell,,467.203636,filled,2023-08-03 19:55:05.195913+00:00,2023-08-03 19:55:07.388975+00:00
CRM,118,118.0,market,buy,,215.78,filled,2023-08-03 19:55:05.074121+00:00,2023-08-03 19:55:05.881455+00:00
COST,47,47.0,market,sell,,558.143191,filled,2023-08-03 19:55:04.982832+00:00,2023-08-03 19:55:07.051646+00:00
C,564,564.0,market,sell,,46.2,filled,2023-08-03 19:55:04.891314+00:00,2023-08-03 19:55:07.033216+00:00
BAC,838,838.0,market,sell,,31.41,filled,2023-08-03 19:55:04.804213+00:00,2023-08-03 19:55:06.929435+00:00
BA,113,113.0,market,sell,,231.309204,filled,2023-08-03 19:55:04.654872+00:00,2023-08-03 19:55:06.305717+00:00
AXP,156,156.0,market,sell,,166.331154,filled,2023-08-03 19:55:04.574958+00:00,2023-08-03 19:55:07.559239+00:00
AVGO,29,29.0,market,buy,,885.0,filled,2023-08-03 19:55:04.476375+00:00,2023-08-03 19:55:07.746129+00:00
ADP,105,105.0,market,buy,,248.25,filled,2023-08-03 19:55:04.392251+00:00,2023-08-03 19:55:07.382105+00:00
RTX,305,305.0,trailing_stop,sell,84.4145,84.41,filled,2023-08-03 18:39:26.503279+00:00,2023-08-03 18:39:26.918915+00:00
INTU,52,52.0,trailing_stop,buy,498.3244,498.900385,filled,2023-08-03 16:21:07.286077+00:00,2023-08-03 16:21:08.311620+00:00
DHR,101,101.0,trailing_stop,buy,258.3175,258.417327,filled,2023-08-03 15:22:37.057602+00:00,2023-08-03 15:22:39.182539+00:00
NFLX,60,60.0,trailing_stop,buy,435.8004,435.88,filled,2023-08-03 13:55:45.583599+00:00,2023-08-03 13:55:46.166476+00:00
TSLA,102,102.0,trailing_stop,buy,256.37885,256.32,filled,2023-08-03 13:47:34.527606+00:00,2023-08-03 13:47:35.444812+00:00
CVS,342,342.0,trailing_stop,sell,75.5298,75.468421,filled,2023-08-03 13:47:06.682371+00:00,2023-08-03 13:47:08.180814+00:00
ISRG,83,83.0,trailing_stop,buy,310.70165,310.847591,filled,2023-08-03 13:40:53.198594+00:00,2023-08-03 13:40:55.598116+00:00
ABNB,180,180.0,trailing_stop,buy,142.4553515,142.020833,filled,2023-08-03 13:35:38.074637+00:00,2023-08-03 13:35:39.676708+00:00
SPY,132,132.0,market,sell,,447.95,filled,2023-08-03 13:32:19.378141+00:00,2023-08-03 13:32:19.727706+00:00
DHR,101,101.0,market,sell,,256.36,filled,2023-08-03 13:32:18.002767+00:00,2023-08-03 13:32:18.709521+00:00
PFE,369,0.0,trailing_stop,buy,35.4438,,canceled,2023-08-03 13:32:17.885821+00:00,
PFE,369,369.0,market,sell,,35.07,filled,2023-08-03 13:32:16.546272+00:00,2023-08-03 13:32:17.449554+00:00
INTU,52,52.0,market,sell,,494.95,filled,2023-08-03 13:32:15.129964+00:00,2023-08-03 13:32:15.878008+00:00
TSLA,102,102.0,market,sell,,252.992353,filled,2023-08-03 13:32:13.743713+00:00,2023-08-03 13:32:14.584105+00:00
ISRG,83,83.0,market,sell,,308.16759,filled,2023-08-03 13:32:12.328988+00:00,2023-08-03 13:32:13.394118+00:00
NFLX,60,60.0,market,sell,,431.27,filled,2023-08-03 13:32:09.673073+00:00,2023-08-03 13:32:11.650886+00:00
PG,167,0.0,trailing_stop,buy,158.55315,,canceled,2023-08-03 13:32:09.556556+00:00,
PG,167,167.0,market,sell,,157.0,filled,2023-08-03 13:32:08.275077+00:00,2023-08-03 13:32:08.472716+00:00
CRM,118,0.0,trailing_stop,buy,217.82915,,canceled,2023-08-03 13:32:08.149980+00:00,
CRM,118,118.0,market,sell,,216.39,filled,2023-08-03 13:32:06.709518+00:00,2023-08-03 13:32:07.383138+00:00
VRTX,72,0.0,trailing_stop,buy,352.2862,,canceled,2023-08-03 13:32:06.571955+00:00,
VRTX,72,72.0,market,sell,,354.4,filled,2023-08-03 13:32:05.139406+00:00,2023-08-03 13:32:05.799738+00:00
ABNB,180,180.0,market,sell,,141.22,filled,2023-08-03 13:32:03.714587+00:00,2023-08-03 13:32:04.258086+00:00
JNJ,153,0.0,trailing_stop,buy,172.21505,,canceled,2023-08-03 13:32:03.235443+00:00,
JNJ,153,153.0,market,sell,,170.14,filled,2023-08-03 13:32:00.863934+00:00,2023-08-03 13:32:02.203815+00:00
IBM,181,0.0,trailing_stop,buy,145.461274,,canceled,2023-08-03 13:32:00.739014+00:00,
IBM,181,181.0,market,sell,,143.72,filled,2023-08-03 13:31:59.437572+00:00,2023-08-03 13:31:59.589925+00:00
META,41,0.0,trailing_stop,buy,316.5887515,,canceled,2023-08-03 13:31:59.321863+00:00,
META,41,41.0,market,sell,,312.563902,filled,2023-08-03 13:31:55.812681+00:00,2023-08-03 13:31:58.799100+00:00
TMO,47,0.0,trailing_stop,buy,553.48965,,canceled,2023-08-03 13:31:55.689694+00:00,
TMO,47,47.0,market,sell,,547.05,filled,2023-08-03 13:31:53.288961+00:00,2023-08-03 13:31:54.466851+00:00
AVGO,29,0.0,trailing_stop,buy,897.45285,,canceled,2023-08-03 13:31:53.181376+00:00,
AVGO,29,29.0,market,sell,,885.27,filled,2023-08-03 13:31:49.656819+00:00,2023-08-03 13:31:52.166229+00:00
ORCL,226,0.0,trailing_stop,buy,115.9739,,canceled,2023-08-03 13:31:49.546710+00:00,
ORCL,226,226.0,market,sell,,115.51,filled,2023-08-03 13:31:44.771940+00:00,2023-08-03 13:31:48.657238+00:00
ADP,105,0.0,trailing_stop,buy,249.80165,,canceled,2023-08-03 13:31:44.650618+00:00,
ADP,105,105.0,market,sell,,247.4,filled,2023-08-03 13:31:41.136832+00:00,2023-08-03 13:31:44.282521+00:00
KO,422,0.0,trailing_stop,buy,62.447875,,canceled,2023-08-03 13:31:41.020260+00:00,
KO,422,422.0,market,sell,,61.9,filled,2023-08-03 13:31:38.624298+00:00,2023-08-03 13:31:39.844822+00:00
MSFT,79,0.0,trailing_stop,buy,331.28585,,canceled,2023-08-03 13:31:38.506352+00:00,
CI,87,87.0,trailing_stop,sell,285.44315,285.0,filled,2023-08-03 13:31:36.177197+00:00,2023-08-03 13:31:37.149166+00:00
MSFT,79,79.0,market,sell,,327.188608,filled,2023-08-03 13:31:36.068026+00:00,2023-08-03 13:31:37.281761+00:00
HD,79,0.0,trailing_stop,sell,327.1185,,canceled,2023-08-03 13:31:35.959359+00:00,
HD,79,79.0,market,buy,,328.53,filled,2023-08-03 13:31:34.643703+00:00,2023-08-03 13:31:35.112286+00:00
SCHW,400,0.0,trailing_stop,sell,65.2661,,canceled,2023-08-03 13:31:34.531903+00:00,
SCHW,400,400.0,market,buy,,65.2,filled,2023-08-03 13:31:32.160330+00:00,2023-08-03 13:31:33.883233+00:00
RTX,305,305.0,market,buy,,85.677311,filled,2023-08-03 13:31:29.607235+00:00,2023-08-03 13:31:30.960193+00:00
JPM,168,0.0,trailing_stop,sell,154.5662,,canceled,2023-08-03 13:31:29.465580+00:00,
JPM,168,168.0,market,buy,,154.91,filled,2023-08-03 13:31:26.984425+00:00,2023-08-03 13:31:28.488272+00:00
COST,47,0.0,trailing_stop,sell,551.9349,,canceled,2023-08-03 13:31:26.841713+00:00,
COST,47,47.0,market,buy,,555.65,filled,2023-08-03 13:31:22.221674+00:00,2023-08-03 13:31:26.074547+00:00
BA,113,0.0,trailing_stop,sell,230.073345,,canceled,2023-08-03 13:31:22.118186+00:00,
BA,113,113.0,market,buy,,232.74,filled,2023-08-03 13:31:19.739339+00:00,2023-08-03 13:31:21.420425+00:00
NOW,46,0.0,trailing_stop,sell,554.07235,,canceled,2023-08-03 13:31:19.628327+00:00,
NOW,46,46.0,market,buy,,558.8,filled,2023-08-03 13:31:17.282463+00:00,2023-08-03 13:31:19.441110+00:00
TJX,305,0.0,trailing_stop,sell,85.365025,,canceled,2023-08-03 13:31:17.139909+00:00,
TJX,305,305.0,market,buy,,85.55,filled,2023-08-03 13:31:13.621084+00:00,2023-08-03 13:31:16.187056+00:00
BAC,838,0.0,trailing_stop,sell,31.07675,,canceled,2023-08-03 13:31:13.492125+00:00,
BAC,838,838.0,market,buy,,31.019141,filled,2023-08-03 13:31:09.851472+00:00,2023-08-03 13:31:13.188866+00:00
AXP,156,0.0,trailing_stop,sell,164.1601,,canceled,2023-08-03 13:31:09.732814+00:00,
AXP,156,156.0,market,buy,,165.846667,filled,2023-08-03 13:31:04.114053+00:00,2023-08-03 13:31:08.708475+00:00
GE,233,0.0,trailing_stop,sell,111.47245,,canceled,2023-08-03 13:31:03.950360+00:00,
GE,233,233.0,market,buy,,112.080686,filled,2023-08-03 13:31:01.408706+00:00,2023-08-03 13:31:03.551250+00:00
LMT,58,0.0,trailing_stop,sell,443.447,,canceled,2023-08-03 13:31:01.248738+00:00,
LMT,58,58.0,market,buy,,448.54,filled,2023-08-03 13:30:57.746416+00:00,2023-08-03 13:31:00.178239+00:00
C,564,0.0,trailing_stop,sell,45.77295,,canceled,2023-08-03 13:30:57.631179+00:00,
C,564,564.0,market,buy,,46.058175,filled,2023-08-03 13:30:51.971310+00:00,2023-08-03 13:30:56.549920+00:00
CVS,342,342.0,market,buy,,76.55424,filled,2023-08-03 13:30:48.398284+00:00,2023-08-03 13:30:51.093208+00:00
ELV,55,0.0,trailing_stop,sell,463.7183,,canceled,2023-08-03 13:30:48.265529+00:00,
ELV,55,55.0,market,buy,,470.99,filled,2023-08-03 13:30:46.968764+00:00,2023-08-03 13:30:47.756985+00:00
MS,292,0.0,trailing_stop,sell,88.1772,,canceled,2023-08-03 13:30:46.857552+00:00,
MS,292,292.0,market,buy,,88.88,filled,2023-08-03 13:30:45.578254+00:00,2023-08-03 13:30:45.945647+00:00
GS,74,0.0,trailing_stop,sell,349.8817515,,canceled,2023-08-03 13:30:45.377182+00:00,
GS,74,74.0,market,buy,,349.89,filled,2023-08-03 13:30:43.974563+00:00,2023-08-03 13:30:44.486969+00:00
CI,87,87.0,market,buy,,291.487587,filled,2023-08-03 13:30:31.295911+00:00,2023-08-03 13:30:43.360779+00:00
WFC,579,0.0,trailing_stop,sell,44.70915,,canceled,2023-08-03 13:30:31.179976+00:00,
WFC,579,579.0,market,buy,,44.715285,filled,2023-08-03 13:30:01.101055+00:00,2023-08-03 13:30:31.066412+00:00
WFC,573,573.0,market,sell,,45.12,filled,2023-08-02 19:58:29.388139+00:00,2023-08-02 19:58:30.465672+00:00
UNH,51,51.0,market,sell,,505.496666,filled,2023-08-02 19:58:29.268946+00:00,2023-08-02 19:58:31.161217+00:00
SPY,69,69.0,market,buy,,450.58,filled,2023-08-02 19:58:29.184285+00:00,2023-08-02 19:58:31.648496+00:00
SCHW,398,398.0,market,sell,,65.49,filled,2023-08-02 19:58:29.102670+00:00,2023-08-02 19:58:30.131116+00:00
PFE,735,735.0,market,buy,,35.35,filled,2023-08-02 19:58:29.004895+00:00,2023-08-02 19:58:30.490225+00:00
ORCL,222,222.0,market,buy,,115.85,filled,2023-08-02 19:58:28.918436+00:00,2023-08-02 19:58:29.213820+00:00
NFLX,59,59.0,market,buy,,430.234407,filled,2023-08-02 19:58:28.826943+00:00,2023-08-02 19:58:31.769287+00:00
MSFT,77,77.0,market,buy,,328.047144,filled,2023-08-02 19:58:28.749394+00:00,2023-08-02 19:58:32.112987+00:00
MS,288,288.0,market,sell,,89.39,filled,2023-08-02 19:58:28.643412+00:00,2023-08-02 19:58:30.295343+00:00
LMT,58,58.0,market,sell,,448.77,filled,2023-08-02 19:58:28.553190+00:00,2023-08-02 19:58:31.105008+00:00
JPM,166,166.0,market,sell,,155.59,filled,2023-08-02 19:58:28.462399+00:00,2023-08-02 19:58:28.773883+00:00
JNJ,155,155.0,market,buy,,169.96,filled,2023-08-02 19:58:28.374434+00:00,2023-08-02 19:58:28.632330+00:00
ISRG,80,80.0,market,buy,,314.06,filled,2023-08-02 19:58:28.285251+00:00,2023-08-02 19:58:29.008758+00:00
INTU,51,51.0,market,buy,,498.65,filled,2023-08-02 19:58:28.199150+00:00,2023-08-02 19:58:28.583378+00:00
IBM,182,182.0,market,buy,,144.26,filled,2023-08-02 19:58:28.107789+00:00,2023-08-02 19:58:28.725462+00:00
HD,78,78.0,market,sell,,328.746667,filled,2023-08-02 19:58:28.020759+00:00,2023-08-02 19:58:30.074300+00:00
GE,231,231.0,market,sell,,112.04,filled,2023-08-02 19:58:27.931696+00:00,2023-08-02 19:58:28.302443+00:00
CRM,116,116.0,market,buy,,220.72,filled,2023-08-02 19:58:27.841316+00:00,2023-08-02 19:58:28.224428+00:00
COST,47,47.0,market,sell,,553.11,filled,2023-08-02 19:58:27.740855+00:00,2023-08-02 19:58:28.148310+00:00
BDX,94,94.0,market,buy,,276.93,filled,2023-08-02 19:58:27.650615+00:00,2023-08-02 19:58:29.347034+00:00
AXP,154,154.0,market,sell,,166.88974,filled,2023-08-02 19:58:27.556685+00:00,2023-08-02 19:58:29.315119+00:00
AVGO,28,28.0,market,buy,,892.81,filled,2023-08-02 19:58:27.466028+00:00,2023-08-02 19:58:28.393164+00:00
ABT,237,237.0,market,buy,,108.73,filled,2023-08-02 19:58:27.374142+00:00,2023-08-02 19:58:27.567477+00:00
AAPL,133,133.0,market,buy,,192.79391,filled,2023-08-02 19:58:27.278582+00:00,2023-08-02 19:58:28.201807+00:00
TJX,303,303.0,trailing_stop,sell,85.5768,85.56,filled,2023-08-02 19:33:06.490854+00:00,2023-08-02 19:33:06.702433+00:00
ELV,56,56.0,trailing_stop,sell,470.4203385,470.18,filled,2023-08-02 18:56:53.086396+00:00,2023-08-02 18:56:53.354689+00:00
ABNB,175,175.0,trailing_stop,buy,145.33785,145.36,filled,2023-08-02 17:32:32.867360+00:00,2023-08-02 17:32:33.996467+00:00
KO,424,424.0,trailing_stop,buy,62.55445,62.56,filled,2023-08-02 16:11:51.552406+00:00,2023-08-02 16:11:53.374711+00:00
C,556,556.0,trailing_stop,sell,45.974875,45.96,filled,2023-08-02 15:17:26.458324+00:00,2023-08-02 15:17:26.888739+00:00
CI,88,88.0,trailing_stop,sell,298.78005,298.63,filled,2023-08-02 15:14:38.563053+00:00,2023-08-02 15:14:39.644706+00:00
BAC,828,828.0,trailing_stop,sell,30.8108,30.81,filled,2023-08-02 15:06:43.900074+00:00,2023-08-02 15:06:48.624931+00:00
GS,73,73.0,trailing_stop,sell,349.5862515,349.45,filled,2023-08-02 14:56:09.058902+00:00,2023-08-02 14:56:11.135815+00:00
TMO,48,48.0,trailing_stop,buy,550.7796,550.89,filled,2023-08-02 14:53:03.042158+00:00,2023-08-02 14:53:04.026398+00:00
NOW,44,44.0,trailing_stop,sell,574.1171,574.07,filled,2023-08-02 14:44:28.592526+00:00,2023-08-02 14:44:29.006514+00:00
BA,110,110.0,trailing_stop,sell,233.1298,233.102273,filled,2023-08-02 14:11:46.459820+00:00,2023-08-02 14:11:47.986996+00:00
VRTX,75,75.0,trailing_stop,buy,349.398525,350.0,filled,2023-08-02 13:58:18.394630+00:00,2023-08-02 13:58:19.102518+00:00
TSLA,100,100.0,trailing_stop,buy,258.83515,259.097199,filled,2023-08-02 13:57:01.185309+00:00,2023-08-02 13:57:04.604542+00:00
DHR,102,102.0,trailing_stop,buy,257.81,258.012452,filled,2023-08-02 13:43:01.104370+00:00,2023-08-02 13:43:04.549560+00:00
CVS,354,354.0,trailing_stop,sell,74.8206,74.775904,filled,2023-08-02 13:42:56.086775+00:00,2023-08-02 13:42:57.879289+00:00
SPY,69,69.0,market,sell,,452.52,filled,2023-08-02 13:37:11.468072+00:00,2023-08-02 13:37:11.641879+00:00
PFE,735,0.0,trailing_stop,buy,35.804125,,canceled,2023-08-02 13:37:11.361123+00:00,
PFE,735,735.0,market,sell,,35.488585,filled,2023-08-02 13:37:06.993613+00:00,2023-08-02 13:37:11.051547+00:00
DHR,102,102.0,market,sell,,254.06,filled,2023-08-02 13:37:03.622302+00:00,2023-08-02 13:37:05.812152+00:00
TSLA,100,100.0,market,sell,,255.7696,filled,2023-08-02 13:36:59.568218+00:00,2023-08-02 13:37:02.627506+00:00
NFLX,59,0.0,trailing_stop,buy,432.9584,,canceled,2023-08-02 13:36:59.458096+00:00,
NFLX,59,59.0,market,sell,,432.65,filled,2023-08-02 13:36:57.230715+00:00,2023-08-02 13:36:59.004227+00:00
INTU,51,0.0,trailing_stop,buy,500.2123,,canceled,2023-08-02 13:36:57.115895+00:00,
INTU,51,51.0,market,sell,,501.5,filled,2023-08-02 13:36:55.947230+00:00,2023-08-02 13:36:56.986227+00:00
CRM,116,0.0,trailing_stop,buy,222.076925,,canceled,2023-08-02 13:36:55.805147+00:00,
CRM,116,116.0,market,sell,,222.08,filled,2023-08-02 13:36:54.560502+00:00,2023-08-02 13:36:55.509323+00:00
VRTX,75,75.0,market,sell,,349.59,filled,2023-08-02 13:36:53.266268+00:00,2023-08-02 13:36:53.545128+00:00
ABNB,175,175.0,market,sell,,145.6,filled,2023-08-02 13:36:50.908596+00:00,2023-08-02 13:36:52.774771+00:00
ISRG,80,0.0,trailing_stop,buy,318.101,,canceled,2023-08-02 13:36:50.785701+00:00,
ISRG,80,80.0,market,sell,,320.41,filled,2023-08-02 13:36:48.500889+00:00,2023-08-02 13:36:50.644728+00:00
MSFT,77,0.0,trailing_stop,buy,331.2504265,,canceled,2023-08-02 13:36:48.400152+00:00,
MSFT,77,77.0,market,sell,,332.585973,filled,2023-08-02 13:36:45.174928+00:00,2023-08-02 13:36:47.533235+00:00
TMO,48,48.0,market,sell,,542.0,filled,2023-08-02 13:36:41.831556+00:00,2023-08-02 13:36:44.276982+00:00
JNJ,155,0.0,trailing_stop,buy,171.89025,,canceled,2023-08-02 13:36:41.719318+00:00,
JNJ,155,155.0,market,sell,,169.39,filled,2023-08-02 13:36:40.396218+00:00,2023-08-02 13:36:40.884000+00:00
IBM,182,0.0,trailing_stop,buy,144.8643525,,canceled,2023-08-02 13:36:40.287127+00:00,
IBM,182,182.0,market,sell,,142.74011,filled,2023-08-02 13:36:38.057474+00:00,2023-08-02 13:36:39.777586+00:00
ABT,237,0.0,trailing_stop,buy,109.6809,,canceled,2023-08-02 13:36:37.951172+00:00,
ABT,237,237.0,market,sell,,109.38,filled,2023-08-02 13:36:35.694568+00:00,2023-08-02 13:36:36.947920+00:00
KO,424,424.0,market,sell,,61.63,filled,2023-08-02 13:36:34.394688+00:00,2023-08-02 13:36:35.002560+00:00
AVGO,28,0.0,trailing_stop,buy,903.76615,,canceled,2023-08-02 13:36:34.285866+00:00,
AVGO,28,28.0,market,sell,,907.83,filled,2023-08-02 13:36:31.997499+00:00,2023-08-02 13:36:33.960726+00:00
ORCL,222,0.0,trailing_stop,buy,116.0348,,canceled,2023-08-02 13:36:31.882044+00:00,
ORCL,222,222.0,market,sell,,116.84,filled,2023-08-02 13:36:30.710195+00:00,2023-08-02 13:36:31.567672+00:00
AAPL,133,0.0,trailing_stop,buy,194.7284605,,canceled,2023-08-02 13:36:30.587016+00:00,
AAPL,133,133.0,market,sell,,193.976241,filled,2023-08-02 13:36:28.383707+00:00,2023-08-02 13:36:30.072840+00:00
BDX,94,0.0,trailing_stop,buy,279.404125,,canceled,2023-08-02 13:36:28.282368+00:00,
BDX,94,94.0,market,sell,,275.481277,filled,2023-08-02 13:36:23.019821+00:00,2023-08-02 13:36:27.604698+00:00
HD,78,0.0,trailing_stop,sell,327.54205,,canceled,2023-08-02 13:36:22.888030+00:00,
HD,78,78.0,market,buy,,330.93,filled,2023-08-02 13:36:21.612054+00:00,2023-08-02 13:36:22.613858+00:00
UNH,51,0.0,trailing_stop,sell,502.744,,canceled,2023-08-02 13:36:21.510546+00:00,
UNH,51,51.0,market,buy,,508.37,filled,2023-08-02 13:36:20.336985+00:00,2023-08-02 13:36:20.831483+00:00
SCHW,398,0.0,trailing_stop,sell,64.60615,,canceled,2023-08-02 13:36:20.213007+00:00,
SCHW,398,398.0,market,buy,,65.14,filled,2023-08-02 13:36:19.017831+00:00,2023-08-02 13:36:19.376917+00:00
COST,47,0.0,trailing_stop,sell,548.28252,,canceled,2023-08-02 13:36:18.914364+00:00,
COST,47,47.0,market,buy,,555.28,filled,2023-08-02 13:36:17.714635+00:00,2023-08-02 13:36:18.583145+00:00
BA,110,110.0,market,buy,,236.36,filled,2023-08-02 13:36:16.416525+00:00,2023-08-02 13:36:16.809751+00:00
TJX,303,303.0,market,buy,,86.53,filled,2023-08-02 13:36:15.115718+00:00,2023-08-02 13:36:15.965937+00:00
BAC,828,828.0,market,buy,,31.2,filled,2023-08-02 13:36:13.828874+00:00,2023-08-02 13:36:14.318167+00:00
NOW,44,44.0,market,buy,,579.04,filled,2023-08-02 13:36:12.516154+00:00,2023-08-02 13:36:13.442343+00:00
AXP,154,0.0,trailing_stop,sell,165.0663,,canceled,2023-08-02 13:36:12.414807+00:00,
AXP,154,154.0,market,buy,,167.23,filled,2023-08-02 13:36:07.954635+00:00,2023-08-02 13:36:11.313628+00:00
LMT,58,0.0,trailing_stop,sell,446.33305,,canceled,2023-08-02 13:36:07.848847+00:00,
LMT,58,58.0,market,buy,,450.76,filled,2023-08-02 13:36:05.631954+00:00,2023-08-02 13:36:06.934207+00:00
C,556,556.0,market,buy,,46.535755,filled,2023-08-02 13:36:02.678850+00:00,2023-08-02 13:36:04.441283+00:00
CVS,354,354.0,market,buy,,74.200255,filled,2023-08-02 13:35:57.801142+00:00,2023-08-02 13:36:01.047226+00:00
ELV,56,56.0,market,buy,,473.913214,filled,2023-08-02 13:35:56.414906+00:00,2023-08-02 13:35:57.531567+00:00
GE,231,0.0,trailing_stop,sell,111.7975,,canceled,2023-08-02 13:35:56.302955+00:00,
GE,231,231.0,market,buy,,112.98,filled,2023-08-02 13:35:55.114694+00:00,2023-08-02 13:35:56.051742+00:00
MS,288,0.0,trailing_stop,sell,88.7879,,canceled,2023-08-02 13:35:55.011846+00:00,
MS,288,288.0,market,buy,,89.811424,filled,2023-08-02 13:35:52.696643+00:00,2023-08-02 13:35:54.012576+00:00
JPM,166,0.0,trailing_stop,sell,153.35465,,canceled,2023-08-02 13:35:52.524440+00:00,
JPM,166,166.0,market,buy,,154.969036,filled,2023-08-02 13:35:50.297540+00:00,2023-08-02 13:35:51.834667+00:00
GS,73,73.0,market,buy,,353.36,filled,2023-08-02 13:35:48.793541+00:00,2023-08-02 13:35:49.747294+00:00
CI,88,88.0,market,buy,,300.968409,filled,2023-08-02 13:35:44.078467+00:00,2023-08-02 13:35:47.684170+00:00
WFC,573,0.0,trailing_stop,sell,44.49245,,canceled,2023-08-02 13:35:43.943456+00:00,
WFC,573,573.0,market,buy,,44.99,filled,2023-08-02 13:35:42.553653+00:00,2023-08-02 13:35:42.834000+00:00
VRTX,74,74.0,market,buy,,347.81,filled,2023-08-01 19:58:00.454617+00:00,2023-08-01 19:58:04.972338+00:00
UNH,51,51.0,market,sell,,504.59,filled,2023-08-01 19:58:00.360398+00:00,2023-08-01 19:58:02.556000+00:00
TSLA,98,98.0,market,buy,,261.25,filled,2023-08-01 19:58:00.234298+00:00,2023-08-01 19:58:01.343332+00:00
TMO,47,47.0,market,buy,,546.426171,filled,2023-08-01 19:58:00.094618+00:00,2023-08-01 19:58:04.023856+00:00
TJX,303,303.0,market,sell,,86.35,filled,2023-08-01 19:57:59.977920+00:00,2023-08-01 19:58:03.678895+00:00
SPY,32,32.0,market,buy,,456.548438,filled,2023-08-01 19:57:59.870928+00:00,2023-08-01 19:58:02.355757+00:00
SCHW,397,397.0,market,sell,,65.76,filled,2023-08-01 19:57:59.743688+00:00,2023-08-01 19:58:02.336019+00:00
RTX,299,299.0,market,sell,,87.975251,filled,2023-08-01 19:57:59.616169+00:00,2023-08-01 19:58:05.829318+00:00
NOW,45,45.0,market,sell,,590.770445,filled,2023-08-01 19:57:59.487679+00:00,2023-08-01 19:58:01.880016+00:00
MSFT,78,78.0,market,buy,,336.59,filled,2023-08-01 19:57:59.374114+00:00,2023-08-01 19:58:00.200220+00:00
MS,287,287.0,market,sell,,90.934878,filled,2023-08-01 19:57:59.238527+00:00,2023-08-01 19:58:03.985226+00:00
LMT,58,58.0,market,sell,,451.74,filled,2023-08-01 19:57:59.096755+00:00,2023-08-01 19:58:00.166710+00:00
KO,424,424.0,market,buy,,61.76,filled,2023-08-01 19:57:58.981578+00:00,2023-08-01 19:57:59.665788+00:00
JPM,166,166.0,market,sell,,157.25,filled,2023-08-01 19:57:58.839441+00:00,2023-08-01 19:58:01.957898+00:00
ISRG,81,81.0,market,buy,,324.14,filled,2023-08-01 19:57:58.712749+00:00,2023-08-01 19:57:59.164791+00:00
INTU,51,51.0,market,buy,,508.83,filled,2023-08-01 19:57:58.526103+00:00,2023-08-01 19:57:59.447530+00:00
IBM,182,182.0,market,buy,,143.44,filled,2023-08-01 19:57:58.270507+00:00,2023-08-01 19:58:00.635871+00:00
GS,73,73.0,market,sell,,357.482329,filled,2023-08-01 19:57:58.136404+00:00,2023-08-01 19:58:01.710596+00:00
ELV,55,55.0,market,sell,,467.22,filled,2023-08-01 19:57:58.001466+00:00,2023-08-01 19:58:02.307237+00:00
DHR,103,103.0,market,buy,,255.01,filled,2023-08-01 19:57:57.864071+00:00,2023-08-01 19:57:57.982278+00:00
CRM,116,116.0,market,buy,,224.29,filled,2023-08-01 19:57:57.735003+00:00,2023-08-01 19:57:58.548735+00:00
COST,46,46.0,market,sell,,555.37,filled,2023-08-01 19:57:57.576351+00:00,2023-08-01 19:57:59.225822+00:00
CI,89,89.0,market,sell,,295.666292,filled,2023-08-01 19:57:57.450316+00:00,2023-08-01 19:57:59.851449+00:00
C,551,551.0,market,sell,,47.12,filled,2023-08-01 19:57:57.333979+00:00,2023-08-01 19:57:58.612997+00:00
BAC,821,821.0,market,sell,,31.6,filled,2023-08-01 19:57:57.169333+00:00,2023-08-01 19:57:58.890394+00:00
AXP,155,155.0,market,sell,,169.557226,filled,2023-08-01 19:57:57.040356+00:00,2023-08-01 19:57:58.569016+00:00
ADI,131,131.0,market,buy,,199.649618,filled,2023-08-01 19:57:56.900339+00:00,2023-08-01 19:58:01.160335+00:00
ABT,236,236.0,market,buy,,110.5,filled,2023-08-01 19:57:56.789620+00:00,2023-08-01 19:57:58.051456+00:00
ABNB,172,172.0,market,buy,,148.92,filled,2023-08-01 19:57:56.653829+00:00,2023-08-01 19:58:00.801740+00:00
AAPL,133,133.0,market,buy,,195.67,filled,2023-08-01 19:57:56.527642+00:00,2023-08-01 19:57:57.209161+00:00
JNJ,156,156.0,trailing_stop,buy,168.9752715,168.7525,filled,2023-08-01 19:37:21.870245+00:00,2023-08-01 19:37:26.489824+00:00
ADP,106,106.0,trailing_stop,buy,248.6953,248.77,filled,2023-08-01 19:33:58.612888+00:00,2023-08-01 19:34:00.340504+00:00
AVGO,29,29.0,trailing_stop,buy,917.20475,917.47,filled,2023-08-01 18:22:38.215393+00:00,2023-08-01 18:22:41.505892+00:00
CVS,352,352.0,trailing_stop,sell,73.7962,73.78,filled,2023-08-01 16:05:08.736669+00:00,2023-08-01 16:05:09.691487+00:00
GE,230,230.0,trailing_stop,sell,112.3352115,112.320695,filled,2023-08-01 15:04:02.753094+00:00,2023-08-01 15:04:06.569543+00:00
WFC,569,569.0,trailing_stop,sell,45.393725,45.39,filled,2023-08-01 14:52:28.138826+00:00,2023-08-01 14:52:29.368804+00:00
NFLX,59,59.0,trailing_stop,buy,440.2258,440.24,filled,2023-08-01 14:30:48.697353+00:00,2023-08-01 14:30:49.103135+00:00
BA,110,110.0,trailing_stop,sell,239.4535,239.442909,filled,2023-08-01 14:11:31.054331+00:00,2023-08-01 14:11:33.169438+00:00
PFE,729,729.0,trailing_stop,buy,36.30655,36.3,filled,2023-08-01 13:53:08.438477+00:00,2023-08-01 13:53:09.375801+00:00
SPY,32,32.0,market,sell,,456.549063,filled,2023-08-01 13:39:34.319553+00:00,2023-08-01 13:39:36.347288+00:00
NFLX,59,59.0,market,sell,,433.354407,filled,2023-08-01 13:39:32.626457+00:00,2023-08-01 13:39:33.880047+00:00
PFE,729,729.0,market,sell,,35.8,filled,2023-08-01 13:39:28.927250+00:00,2023-08-01 13:39:32.094982+00:00
DHR,103,0.0,trailing_stop,buy,258.0333,,canceled,2023-08-01 13:39:28.792115+00:00,
DHR,103,103.0,market,sell,,255.58,filled,2023-08-01 13:39:25.470489+00:00,2023-08-01 13:39:27.648599+00:00
TSLA,98,0.0,trailing_stop,buy,264.15375,,canceled,2023-08-01 13:39:25.347665+00:00,
TSLA,98,98.0,market,sell,,264.3,filled,2023-08-01 13:39:24.070443+00:00,2023-08-01 13:39:24.740972+00:00
INTU,51,0.0,trailing_stop,buy,510.83935,,canceled,2023-08-01 13:39:23.917847+00:00,
INTU,51,51.0,market,sell,,505.03,filled,2023-08-01 13:39:21.684821+00:00,2023-08-01 13:39:23.596052+00:00
CRM,116,0.0,trailing_stop,buy,224.95445,,canceled,2023-08-01 13:39:21.143616+00:00,
CRM,116,116.0,market,sell,,222.6,filled,2023-08-01 13:39:19.910895+00:00,2023-08-01 13:39:20.221848+00:00
ISRG,81,0.0,trailing_stop,buy,326.7387515,,canceled,2023-08-01 13:39:19.637661+00:00,
ISRG,81,81.0,market,sell,,322.19,filled,2023-08-01 13:39:17.359940+00:00,2023-08-01 13:39:18.591374+00:00
AAPL,133,0.0,trailing_stop,buy,198.2092,,canceled,2023-08-01 13:39:17.247906+00:00,
AAPL,133,133.0,market,sell,,196.39,filled,2023-08-01 13:39:15.938816+00:00,2023-08-01 13:39:16.723965+00:00
VRTX,74,0.0,trailing_stop,buy,350.87535,,canceled,2023-08-01 13:39:15.831154+00:00,
VRTX,74,74.0,market,sell,,350.01,filled,2023-08-01 13:39:13.551276+00:00,2023-08-01 13:39:14.761653+00:00
AVGO,29,29.0,market,sell,,911.21,filled,2023-08-01 13:39:12.132360+00:00,2023-08-01 13:39:12.505510+00:00
ABNB,172,0.0,trailing_stop,buy,150.49405,,canceled,2023-08-01 13:39:11.954415+00:00,
ABNB,172,172.0,market,sell,,149.69,filled,2023-08-01 13:39:10.704644+00:00,2023-08-01 13:39:11.454602+00:00
TMO,47,0.0,trailing_stop,buy,551.2059,,canceled,2023-08-01 13:39:10.560725+00:00,
TMO,47,47.0,market,sell,,546.11,filled,2023-08-01 13:39:09.342389+00:00,2023-08-01 13:39:09.458880+00:00
JNJ,156,156.0,market,sell,,166.630898,filled,2023-08-01 13:39:06.910251+00:00,2023-08-01 13:39:08.564067+00:00
KO,424,0.0,trailing_stop,buy,62.5443,,canceled,2023-08-01 13:39:06.774352+00:00,
KO,424,424.0,market,sell,,62.101533,filled,2023-08-01 13:39:05.456591+00:00,2023-08-01 13:39:06.059339+00:00
ABT,236,0.0,trailing_stop,buy,111.96465,,canceled,2023-08-01 13:39:05.327504+00:00,
ABT,236,236.0,market,sell,,110.56,filled,2023-08-01 13:39:03.104142+00:00,2023-08-01 13:39:04.256094+00:00
MSFT,78,0.0,trailing_stop,buy,338.807,,canceled,2023-08-01 13:39:02.985580+00:00,
MSFT,78,78.0,market,sell,,334.43,filled,2023-08-01 13:39:01.860811+00:00,2023-08-01 13:39:02.270487+00:00
ADI,131,0.0,trailing_stop,buy,200.6655,,canceled,2023-08-01 13:39:01.638320+00:00,
ADI,131,131.0,market,sell,,197.81,filled,2023-08-01 13:39:00.371158+00:00,2023-08-01 13:39:00.931608+00:00
IBM,182,0.0,trailing_stop,buy,144.30255,,canceled,2023-08-01 13:39:00.228346+00:00,
IBM,182,182.0,market,sell,,144.07,filled,2023-08-01 13:38:57.945629+00:00,2023-08-01 13:38:59.315490+00:00
ADP,106,106.0,market,sell,,246.04,filled,2023-08-01 13:38:56.617986+00:00,2023-08-01 13:38:57.440967+00:00
RTX,299,0.0,trailing_stop,sell,86.88685,,canceled,2023-08-01 13:38:56.514279+00:00,
RTX,299,299.0,market,buy,,87.88,filled,2023-08-01 13:38:55.284619+00:00,2023-08-01 13:38:55.932618+00:00
UNH,51,0.0,trailing_stop,sell,501.17785,,canceled,2023-08-01 13:38:55.136895+00:00,
UNH,51,51.0,market,buy,,508.68,filled,2023-08-01 13:38:53.930787+00:00,2023-08-01 13:38:54.194958+00:00
SCHW,397,0.0,trailing_stop,sell,64.9509,,canceled,2023-08-01 13:38:53.816376+00:00,
SCHW,397,397.0,market,buy,,65.82,filled,2023-08-01 13:38:52.496109+00:00,2023-08-01 13:38:53.293058+00:00
COST,46,0.0,trailing_stop,sell,554.4367015,,canceled,2023-08-01 13:38:52.385599+00:00,
COST,46,46.0,market,buy,,561.74,filled,2023-08-01 13:38:51.176668+00:00,2023-08-01 13:38:51.939595+00:00
